--
-- PostgreSQL database dump
--

-- Dumped from database version 15.4
-- Dumped by pg_dump version 15.4

-- Started on 2024-12-10 11:45:10

SET statement_timeout = 0;
SET lock_timeout = 0;
SET idle_in_transaction_session_timeout = 0;
SET client_encoding = 'UTF8';
SET standard_conforming_strings = on;
SELECT pg_catalog.set_config('search_path', '', false);
SET check_function_bodies = false;
SET xmloption = content;
SET client_min_messages = warning;
SET row_security = off;

SET default_tablespace = '';

SET default_table_access_method = heap;

--
-- TOC entry 221 (class 1259 OID 16631)
-- Name: auth_group; Type: TABLE; Schema: public; Owner: postgres
--

CREATE TABLE public.auth_group (
    id integer NOT NULL,
    name character varying(150) NOT NULL
);


ALTER TABLE public.auth_group OWNER TO postgres;

--
-- TOC entry 220 (class 1259 OID 16630)
-- Name: auth_group_id_seq; Type: SEQUENCE; Schema: public; Owner: postgres
--

ALTER TABLE public.auth_group ALTER COLUMN id ADD GENERATED BY DEFAULT AS IDENTITY (
    SEQUENCE NAME public.auth_group_id_seq
    START WITH 1
    INCREMENT BY 1
    NO MINVALUE
    NO MAXVALUE
    CACHE 1
);


--
-- TOC entry 223 (class 1259 OID 16639)
-- Name: auth_group_permissions; Type: TABLE; Schema: public; Owner: postgres
--

CREATE TABLE public.auth_group_permissions (
    id integer NOT NULL,
    group_id integer NOT NULL,
    permission_id integer NOT NULL
);


ALTER TABLE public.auth_group_permissions OWNER TO postgres;

--
-- TOC entry 222 (class 1259 OID 16638)
-- Name: auth_group_permissions_id_seq; Type: SEQUENCE; Schema: public; Owner: postgres
--

ALTER TABLE public.auth_group_permissions ALTER COLUMN id ADD GENERATED BY DEFAULT AS IDENTITY (
    SEQUENCE NAME public.auth_group_permissions_id_seq
    START WITH 1
    INCREMENT BY 1
    NO MINVALUE
    NO MAXVALUE
    CACHE 1
);


--
-- TOC entry 219 (class 1259 OID 16625)
-- Name: auth_permission; Type: TABLE; Schema: public; Owner: postgres
--

CREATE TABLE public.auth_permission (
    id integer NOT NULL,
    name character varying(255) NOT NULL,
    content_type_id integer NOT NULL,
    codename character varying(100) NOT NULL
);


ALTER TABLE public.auth_permission OWNER TO postgres;

--
-- TOC entry 218 (class 1259 OID 16624)
-- Name: auth_permission_id_seq; Type: SEQUENCE; Schema: public; Owner: postgres
--

ALTER TABLE public.auth_permission ALTER COLUMN id ADD GENERATED BY DEFAULT AS IDENTITY (
    SEQUENCE NAME public.auth_permission_id_seq
    START WITH 1
    INCREMENT BY 1
    NO MINVALUE
    NO MAXVALUE
    CACHE 1
);


--
-- TOC entry 225 (class 1259 OID 16645)
-- Name: auth_user; Type: TABLE; Schema: public; Owner: postgres
--

CREATE TABLE public.auth_user (
    id integer NOT NULL,
    password character varying(128) NOT NULL,
    last_login timestamp with time zone,
    is_superuser boolean NOT NULL,
    username character varying(150) NOT NULL,
    first_name character varying(150) NOT NULL,
    last_name character varying(150) NOT NULL,
    email character varying(254) NOT NULL,
    is_staff boolean NOT NULL,
    is_active boolean NOT NULL,
    date_joined timestamp with time zone NOT NULL
);


ALTER TABLE public.auth_user OWNER TO postgres;

--
-- TOC entry 227 (class 1259 OID 16653)
-- Name: auth_user_groups; Type: TABLE; Schema: public; Owner: postgres
--

CREATE TABLE public.auth_user_groups (
    id integer NOT NULL,
    user_id integer NOT NULL,
    group_id integer NOT NULL
);


ALTER TABLE public.auth_user_groups OWNER TO postgres;

--
-- TOC entry 226 (class 1259 OID 16652)
-- Name: auth_user_groups_id_seq; Type: SEQUENCE; Schema: public; Owner: postgres
--

ALTER TABLE public.auth_user_groups ALTER COLUMN id ADD GENERATED BY DEFAULT AS IDENTITY (
    SEQUENCE NAME public.auth_user_groups_id_seq
    START WITH 1
    INCREMENT BY 1
    NO MINVALUE
    NO MAXVALUE
    CACHE 1
);


--
-- TOC entry 224 (class 1259 OID 16644)
-- Name: auth_user_id_seq; Type: SEQUENCE; Schema: public; Owner: postgres
--

ALTER TABLE public.auth_user ALTER COLUMN id ADD GENERATED BY DEFAULT AS IDENTITY (
    SEQUENCE NAME public.auth_user_id_seq
    START WITH 1
    INCREMENT BY 1
    NO MINVALUE
    NO MAXVALUE
    CACHE 1
);


--
-- TOC entry 229 (class 1259 OID 16659)
-- Name: auth_user_user_permissions; Type: TABLE; Schema: public; Owner: postgres
--

CREATE TABLE public.auth_user_user_permissions (
    id integer NOT NULL,
    user_id integer NOT NULL,
    permission_id integer NOT NULL
);


ALTER TABLE public.auth_user_user_permissions OWNER TO postgres;

--
-- TOC entry 228 (class 1259 OID 16658)
-- Name: auth_user_user_permissions_id_seq; Type: SEQUENCE; Schema: public; Owner: postgres
--

ALTER TABLE public.auth_user_user_permissions ALTER COLUMN id ADD GENERATED BY DEFAULT AS IDENTITY (
    SEQUENCE NAME public.auth_user_user_permissions_id_seq
    START WITH 1
    INCREMENT BY 1
    NO MINVALUE
    NO MAXVALUE
    CACHE 1
);


--
-- TOC entry 231 (class 1259 OID 16717)
-- Name: django_admin_log; Type: TABLE; Schema: public; Owner: postgres
--

CREATE TABLE public.django_admin_log (
    id integer NOT NULL,
    action_time timestamp with time zone NOT NULL,
    object_id text,
    object_repr character varying(200) NOT NULL,
    action_flag smallint NOT NULL,
    change_message text NOT NULL,
    content_type_id integer,
    user_id integer NOT NULL,
    CONSTRAINT django_admin_log_action_flag_check CHECK ((action_flag >= 0))
);


ALTER TABLE public.django_admin_log OWNER TO postgres;

--
-- TOC entry 230 (class 1259 OID 16716)
-- Name: django_admin_log_id_seq; Type: SEQUENCE; Schema: public; Owner: postgres
--

ALTER TABLE public.django_admin_log ALTER COLUMN id ADD GENERATED BY DEFAULT AS IDENTITY (
    SEQUENCE NAME public.django_admin_log_id_seq
    START WITH 1
    INCREMENT BY 1
    NO MINVALUE
    NO MAXVALUE
    CACHE 1
);


--
-- TOC entry 217 (class 1259 OID 16617)
-- Name: django_content_type; Type: TABLE; Schema: public; Owner: postgres
--

CREATE TABLE public.django_content_type (
    id integer NOT NULL,
    app_label character varying(100) NOT NULL,
    model character varying(100) NOT NULL
);


ALTER TABLE public.django_content_type OWNER TO postgres;

--
-- TOC entry 216 (class 1259 OID 16616)
-- Name: django_content_type_id_seq; Type: SEQUENCE; Schema: public; Owner: postgres
--

ALTER TABLE public.django_content_type ALTER COLUMN id ADD GENERATED BY DEFAULT AS IDENTITY (
    SEQUENCE NAME public.django_content_type_id_seq
    START WITH 1
    INCREMENT BY 1
    NO MINVALUE
    NO MAXVALUE
    CACHE 1
);


--
-- TOC entry 215 (class 1259 OID 16609)
-- Name: django_migrations; Type: TABLE; Schema: public; Owner: postgres
--

CREATE TABLE public.django_migrations (
    id integer NOT NULL,
    app character varying(255) NOT NULL,
    name character varying(255) NOT NULL,
    applied timestamp with time zone NOT NULL
);


ALTER TABLE public.django_migrations OWNER TO postgres;

--
-- TOC entry 214 (class 1259 OID 16608)
-- Name: django_migrations_id_seq; Type: SEQUENCE; Schema: public; Owner: postgres
--

ALTER TABLE public.django_migrations ALTER COLUMN id ADD GENERATED BY DEFAULT AS IDENTITY (
    SEQUENCE NAME public.django_migrations_id_seq
    START WITH 1
    INCREMENT BY 1
    NO MINVALUE
    NO MAXVALUE
    CACHE 1
);


--
-- TOC entry 235 (class 1259 OID 16752)
-- Name: django_redirect; Type: TABLE; Schema: public; Owner: postgres
--

CREATE TABLE public.django_redirect (
    id integer NOT NULL,
    site_id integer NOT NULL,
    old_path character varying(200) NOT NULL,
    new_path character varying(200) NOT NULL
);


ALTER TABLE public.django_redirect OWNER TO postgres;

--
-- TOC entry 234 (class 1259 OID 16751)
-- Name: django_redirect_id_seq; Type: SEQUENCE; Schema: public; Owner: postgres
--

ALTER TABLE public.django_redirect ALTER COLUMN id ADD GENERATED BY DEFAULT AS IDENTITY (
    SEQUENCE NAME public.django_redirect_id_seq
    START WITH 1
    INCREMENT BY 1
    NO MINVALUE
    NO MAXVALUE
    CACHE 1
);


--
-- TOC entry 236 (class 1259 OID 16767)
-- Name: django_session; Type: TABLE; Schema: public; Owner: postgres
--

CREATE TABLE public.django_session (
    session_key character varying(40) NOT NULL,
    session_data text NOT NULL,
    expire_date timestamp with time zone NOT NULL
);


ALTER TABLE public.django_session OWNER TO postgres;

--
-- TOC entry 233 (class 1259 OID 16746)
-- Name: django_site; Type: TABLE; Schema: public; Owner: postgres
--

CREATE TABLE public.django_site (
    id integer NOT NULL,
    domain character varying(100) NOT NULL,
    name character varying(50) NOT NULL
);


ALTER TABLE public.django_site OWNER TO postgres;

--
-- TOC entry 232 (class 1259 OID 16745)
-- Name: django_site_id_seq; Type: SEQUENCE; Schema: public; Owner: postgres
--

ALTER TABLE public.django_site ALTER COLUMN id ADD GENERATED BY DEFAULT AS IDENTITY (
    SEQUENCE NAME public.django_site_id_seq
    START WITH 1
    INCREMENT BY 1
    NO MINVALUE
    NO MAXVALUE
    CACHE 1
);


--
-- TOC entry 238 (class 1259 OID 16780)
-- Name: student_adms_admissionform; Type: TABLE; Schema: public; Owner: postgres
--

CREATE TABLE public.student_adms_admissionform (
    id bigint NOT NULL,
    full_name character varying(255) NOT NULL,
    email character varying(254) NOT NULL,
    phone_number character varying(15) NOT NULL,
    gender character varying(10) NOT NULL,
    state_of_origin character varying(50) NOT NULL,
    program_of_choice character varying(100) NOT NULL,
    parent_guardian_name character varying(255) NOT NULL,
    parent_guardian_phone character varying(15) NOT NULL,
    birth_certificate character varying(100),
    academic_transcripts character varying(100),
    medical_fitness_report character varying(100)
);


ALTER TABLE public.student_adms_admissionform OWNER TO postgres;

--
-- TOC entry 237 (class 1259 OID 16779)
-- Name: student_adms_admissionform_id_seq; Type: SEQUENCE; Schema: public; Owner: postgres
--

ALTER TABLE public.student_adms_admissionform ALTER COLUMN id ADD GENERATED BY DEFAULT AS IDENTITY (
    SEQUENCE NAME public.student_adms_admissionform_id_seq
    START WITH 1
    INCREMENT BY 1
    NO MINVALUE
    NO MAXVALUE
    CACHE 1
);


--
-- TOC entry 246 (class 1259 OID 16882)
-- Name: student_adms_admittedcandidate; Type: TABLE; Schema: public; Owner: postgres
--

CREATE TABLE public.student_adms_admittedcandidate (
    id bigint NOT NULL,
    programme character varying(100) NOT NULL,
    admission_year integer NOT NULL,
    serial_number integer NOT NULL,
    matriculation_number character varying(20),
    candidate_id bigint NOT NULL
);


ALTER TABLE public.student_adms_admittedcandidate OWNER TO postgres;

--
-- TOC entry 245 (class 1259 OID 16881)
-- Name: student_adms_admittedcandidate_id_seq; Type: SEQUENCE; Schema: public; Owner: postgres
--

ALTER TABLE public.student_adms_admittedcandidate ALTER COLUMN id ADD GENERATED BY DEFAULT AS IDENTITY (
    SEQUENCE NAME public.student_adms_admittedcandidate_id_seq
    START WITH 1
    INCREMENT BY 1
    NO MINVALUE
    NO MAXVALUE
    CACHE 1
);


--
-- TOC entry 244 (class 1259 OID 16871)
-- Name: student_adms_candidate; Type: TABLE; Schema: public; Owner: postgres
--

CREATE TABLE public.student_adms_candidate (
    id bigint NOT NULL,
    full_name character varying(255) NOT NULL,
    cbt_score double precision NOT NULL,
    utme_score double precision NOT NULL,
    application_details jsonb NOT NULL,
    interview_score double precision NOT NULL,
    health_status_valid boolean NOT NULL,
    admission_status character varying(20) NOT NULL
);


ALTER TABLE public.student_adms_candidate OWNER TO postgres;

--
-- TOC entry 243 (class 1259 OID 16870)
-- Name: student_adms_candidate_id_seq; Type: SEQUENCE; Schema: public; Owner: postgres
--

ALTER TABLE public.student_adms_candidate ALTER COLUMN id ADD GENERATED BY DEFAULT AS IDENTITY (
    SEQUENCE NAME public.student_adms_candidate_id_seq
    START WITH 1
    INCREMENT BY 1
    NO MINVALUE
    NO MAXVALUE
    CACHE 1
);


--
-- TOC entry 240 (class 1259 OID 16805)
-- Name: student_adms_candidatesubmission; Type: TABLE; Schema: public; Owner: postgres
--

CREATE TABLE public.student_adms_candidatesubmission (
    id bigint NOT NULL,
    candidate_name character varying(255) NOT NULL,
    candidate_email character varying(254) NOT NULL,
    submitted_answers jsonb NOT NULL,
    score double precision,
    submitted_at timestamp with time zone NOT NULL
);


ALTER TABLE public.student_adms_candidatesubmission OWNER TO postgres;

--
-- TOC entry 239 (class 1259 OID 16804)
-- Name: student_adms_candidatesubmission_id_seq; Type: SEQUENCE; Schema: public; Owner: postgres
--

ALTER TABLE public.student_adms_candidatesubmission ALTER COLUMN id ADD GENERATED BY DEFAULT AS IDENTITY (
    SEQUENCE NAME public.student_adms_candidatesubmission_id_seq
    START WITH 1
    INCREMENT BY 1
    NO MINVALUE
    NO MAXVALUE
    CACHE 1
);


--
-- TOC entry 242 (class 1259 OID 16813)
-- Name: student_adms_cbtquestion; Type: TABLE; Schema: public; Owner: postgres
--

CREATE TABLE public.student_adms_cbtquestion (
    id bigint NOT NULL,
    question_text text NOT NULL,
    options jsonb NOT NULL,
    correct_answer character varying(255) NOT NULL
);


ALTER TABLE public.student_adms_cbtquestion OWNER TO postgres;

--
-- TOC entry 241 (class 1259 OID 16812)
-- Name: student_adms_cbtquestion_id_seq; Type: SEQUENCE; Schema: public; Owner: postgres
--

ALTER TABLE public.student_adms_cbtquestion ALTER COLUMN id ADD GENERATED BY DEFAULT AS IDENTITY (
    SEQUENCE NAME public.student_adms_cbtquestion_id_seq
    START WITH 1
    INCREMENT BY 1
    NO MINVALUE
    NO MAXVALUE
    CACHE 1
);


--
-- TOC entry 248 (class 1259 OID 16898)
-- Name: student_adms_course; Type: TABLE; Schema: public; Owner: postgres
--

CREATE TABLE public.student_adms_course (
    id bigint NOT NULL,
    course_code character varying(10) NOT NULL,
    course_name character varying(100) NOT NULL,
    programme character varying(100) NOT NULL,
    level integer NOT NULL,
    description text NOT NULL
);


ALTER TABLE public.student_adms_course OWNER TO postgres;

--
-- TOC entry 247 (class 1259 OID 16897)
-- Name: student_adms_course_id_seq; Type: SEQUENCE; Schema: public; Owner: postgres
--

ALTER TABLE public.student_adms_course ALTER COLUMN id ADD GENERATED BY DEFAULT AS IDENTITY (
    SEQUENCE NAME public.student_adms_course_id_seq
    START WITH 1
    INCREMENT BY 1
    NO MINVALUE
    NO MAXVALUE
    CACHE 1
);


--
-- TOC entry 250 (class 1259 OID 16906)
-- Name: student_adms_courseregistration; Type: TABLE; Schema: public; Owner: postgres
--

CREATE TABLE public.student_adms_courseregistration (
    id integer NOT NULL,
    registration_date date NOT NULL,
    admitted_candidate_id bigint NOT NULL,
    course_id bigint NOT NULL,
    approved boolean NOT NULL
);


ALTER TABLE public.student_adms_courseregistration OWNER TO postgres;

--
-- TOC entry 249 (class 1259 OID 16905)
-- Name: student_adms_courseregistration_id_seq; Type: SEQUENCE; Schema: public; Owner: postgres
--

ALTER TABLE public.student_adms_courseregistration ALTER COLUMN id ADD GENERATED BY DEFAULT AS IDENTITY (
    SEQUENCE NAME public.student_adms_courseregistration_id_seq
    START WITH 1
    INCREMENT BY 1
    NO MINVALUE
    NO MAXVALUE
    CACHE 1
);


--
-- TOC entry 3507 (class 0 OID 16631)
-- Dependencies: 221
-- Data for Name: auth_group; Type: TABLE DATA; Schema: public; Owner: postgres
--

COPY public.auth_group (id, name) FROM stdin;
\.


--
-- TOC entry 3509 (class 0 OID 16639)
-- Dependencies: 223
-- Data for Name: auth_group_permissions; Type: TABLE DATA; Schema: public; Owner: postgres
--

COPY public.auth_group_permissions (id, group_id, permission_id) FROM stdin;
\.


--
-- TOC entry 3505 (class 0 OID 16625)
-- Dependencies: 219
-- Data for Name: auth_permission; Type: TABLE DATA; Schema: public; Owner: postgres
--

COPY public.auth_permission (id, name, content_type_id, codename) FROM stdin;
1	Can add log entry	1	add_logentry
2	Can change log entry	1	change_logentry
3	Can delete log entry	1	delete_logentry
4	Can view log entry	1	view_logentry
5	Can add permission	2	add_permission
6	Can change permission	2	change_permission
7	Can delete permission	2	delete_permission
8	Can view permission	2	view_permission
9	Can add group	3	add_group
10	Can change group	3	change_group
11	Can delete group	3	delete_group
12	Can view group	3	view_group
13	Can add user	4	add_user
14	Can change user	4	change_user
15	Can delete user	4	delete_user
16	Can view user	4	view_user
17	Can add content type	5	add_contenttype
18	Can change content type	5	change_contenttype
19	Can delete content type	5	delete_contenttype
20	Can view content type	5	view_contenttype
21	Can add session	6	add_session
22	Can change session	6	change_session
23	Can delete session	6	delete_session
24	Can view session	6	view_session
25	Can add site	7	add_site
26	Can change site	7	change_site
27	Can delete site	7	delete_site
28	Can view site	7	view_site
29	Can add redirect	8	add_redirect
30	Can change redirect	8	change_redirect
31	Can delete redirect	8	delete_redirect
32	Can view redirect	8	view_redirect
33	Can add admission form	9	add_admissionform
34	Can change admission form	9	change_admissionform
35	Can delete admission form	9	delete_admissionform
36	Can view admission form	9	view_admissionform
37	Can add candidate submission	10	add_candidatesubmission
38	Can change candidate submission	10	change_candidatesubmission
39	Can delete candidate submission	10	delete_candidatesubmission
40	Can view candidate submission	10	view_candidatesubmission
41	Can add cbt question	11	add_cbtquestion
42	Can change cbt question	11	change_cbtquestion
43	Can delete cbt question	11	delete_cbtquestion
44	Can view cbt question	11	view_cbtquestion
45	Can add candidate	12	add_candidate
46	Can change candidate	12	change_candidate
47	Can delete candidate	12	delete_candidate
48	Can view candidate	12	view_candidate
49	Can add admitted candidate	13	add_admittedcandidate
50	Can change admitted candidate	13	change_admittedcandidate
51	Can delete admitted candidate	13	delete_admittedcandidate
52	Can view admitted candidate	13	view_admittedcandidate
53	Can add course	14	add_course
54	Can change course	14	change_course
55	Can delete course	14	delete_course
56	Can view course	14	view_course
57	Can add course registration	15	add_courseregistration
58	Can change course registration	15	change_courseregistration
59	Can delete course registration	15	delete_courseregistration
60	Can view course registration	15	view_courseregistration
\.


--
-- TOC entry 3511 (class 0 OID 16645)
-- Dependencies: 225
-- Data for Name: auth_user; Type: TABLE DATA; Schema: public; Owner: postgres
--

COPY public.auth_user (id, password, last_login, is_superuser, username, first_name, last_name, email, is_staff, is_active, date_joined) FROM stdin;
1	pbkdf2_sha256$870000$g54uCX9JcQCjTIXxzd5G0r$5Pgb6uN/l7BrBSjbig2i2GxmtcvmztdgS8InJtmVqU0=	\N	t	admin			abioyebabatunde@gmail.com	t	t	2024-11-29 11:17:02.151975+01
\.


--
-- TOC entry 3513 (class 0 OID 16653)
-- Dependencies: 227
-- Data for Name: auth_user_groups; Type: TABLE DATA; Schema: public; Owner: postgres
--

COPY public.auth_user_groups (id, user_id, group_id) FROM stdin;
\.


--
-- TOC entry 3515 (class 0 OID 16659)
-- Dependencies: 229
-- Data for Name: auth_user_user_permissions; Type: TABLE DATA; Schema: public; Owner: postgres
--

COPY public.auth_user_user_permissions (id, user_id, permission_id) FROM stdin;
\.


--
-- TOC entry 3517 (class 0 OID 16717)
-- Dependencies: 231
-- Data for Name: django_admin_log; Type: TABLE DATA; Schema: public; Owner: postgres
--

COPY public.django_admin_log (id, action_time, object_id, object_repr, action_flag, change_message, content_type_id, user_id) FROM stdin;
\.


--
-- TOC entry 3503 (class 0 OID 16617)
-- Dependencies: 217
-- Data for Name: django_content_type; Type: TABLE DATA; Schema: public; Owner: postgres
--

COPY public.django_content_type (id, app_label, model) FROM stdin;
1	admin	logentry
2	auth	permission
3	auth	group
4	auth	user
5	contenttypes	contenttype
6	sessions	session
7	sites	site
8	redirects	redirect
9	student_adms	admissionform
10	student_adms	candidatesubmission
11	student_adms	cbtquestion
12	student_adms	candidate
13	student_adms	admittedcandidate
14	student_adms	course
15	student_adms	courseregistration
\.


--
-- TOC entry 3501 (class 0 OID 16609)
-- Dependencies: 215
-- Data for Name: django_migrations; Type: TABLE DATA; Schema: public; Owner: postgres
--

COPY public.django_migrations (id, app, name, applied) FROM stdin;
1	contenttypes	0001_initial	2024-11-29 10:54:37.190339+01
2	auth	0001_initial	2024-11-29 10:54:37.329446+01
3	admin	0001_initial	2024-11-29 10:54:37.381964+01
4	admin	0002_logentry_remove_auto_add	2024-11-29 10:54:37.402338+01
5	admin	0003_logentry_add_action_flag_choices	2024-11-29 10:54:37.416339+01
6	contenttypes	0002_remove_content_type_name	2024-11-29 10:54:37.447933+01
7	auth	0002_alter_permission_name_max_length	2024-11-29 10:54:37.464643+01
8	auth	0003_alter_user_email_max_length	2024-11-29 10:54:37.473145+01
9	auth	0004_alter_user_username_opts	2024-11-29 10:54:37.480842+01
10	auth	0005_alter_user_last_login_null	2024-11-29 10:54:37.497887+01
11	auth	0006_require_contenttypes_0002	2024-11-29 10:54:37.497887+01
12	auth	0007_alter_validators_add_error_messages	2024-11-29 10:54:37.514493+01
13	auth	0008_alter_user_username_max_length	2024-11-29 10:54:37.546323+01
14	auth	0009_alter_user_last_name_max_length	2024-11-29 10:54:37.556234+01
15	auth	0010_alter_group_name_max_length	2024-11-29 10:54:37.581614+01
16	auth	0011_update_proxy_permissions	2024-11-29 10:54:37.597414+01
17	auth	0012_alter_user_first_name_max_length	2024-11-29 10:54:37.618268+01
18	sites	0001_initial	2024-11-29 10:54:37.623322+01
19	redirects	0001_initial	2024-11-29 10:54:37.64789+01
20	redirects	0002_alter_redirect_new_path_help_text	2024-11-29 10:54:37.668646+01
21	sessions	0001_initial	2024-11-29 10:54:37.686962+01
22	sites	0002_alter_domain_unique	2024-11-29 10:54:37.697183+01
23	student_adms	0001_initial	2024-12-03 09:01:16.953127+01
24	student_adms	0002_alter_admissionform_academic_transcripts_and_more	2024-12-03 09:13:26.545722+01
25	student_adms	0003_candidatesubmission_cbtquestion_and_more	2024-12-04 09:47:26.555827+01
26	student_adms	0004_candidate_alter_admissionform_email	2024-12-04 11:13:10.450426+01
27	student_adms	0005_admittedcandidate	2024-12-04 12:41:41.774054+01
28	student_adms	0006_remove_admittedcandidate_name_and_more	2024-12-04 15:13:23.539994+01
29	student_adms	0007_course_courseregistration	2024-12-07 07:45:07.756852+01
30	student_adms	0008_alter_courseregistration_unique_together_and_more	2024-12-07 08:51:06.70174+01
31	student_adms	0009_courseregistration_approved_and_more	2024-12-09 22:12:04.899949+01
32	student_adms	0010_alter_courseregistration_id_and_more	2024-12-09 23:23:34.27575+01
\.


--
-- TOC entry 3521 (class 0 OID 16752)
-- Dependencies: 235
-- Data for Name: django_redirect; Type: TABLE DATA; Schema: public; Owner: postgres
--

COPY public.django_redirect (id, site_id, old_path, new_path) FROM stdin;
\.


--
-- TOC entry 3522 (class 0 OID 16767)
-- Dependencies: 236
-- Data for Name: django_session; Type: TABLE DATA; Schema: public; Owner: postgres
--

COPY public.django_session (session_key, session_data, expire_date) FROM stdin;
\.


--
-- TOC entry 3519 (class 0 OID 16746)
-- Dependencies: 233
-- Data for Name: django_site; Type: TABLE DATA; Schema: public; Owner: postgres
--

COPY public.django_site (id, domain, name) FROM stdin;
1	example.com	example.com
\.


--
-- TOC entry 3524 (class 0 OID 16780)
-- Dependencies: 238
-- Data for Name: student_adms_admissionform; Type: TABLE DATA; Schema: public; Owner: postgres
--

COPY public.student_adms_admissionform (id, full_name, email, phone_number, gender, state_of_origin, program_of_choice, parent_guardian_name, parent_guardian_phone, birth_certificate, academic_transcripts, medical_fitness_report) FROM stdin;
1	Abioye Kazeem	abioyekazeem@gmail.com	08132862724	Male	Lagos	computer science	Abioye Rasheed	09087654321			
2	Ajayi Olawale	Olawaleajayi@mail.com	09045678949	Male	Lagos	Chemistry	Ajayi Segun	08097845675			
3	Adewole Iyejide	iyejide.adewole@yahoo.com	07089345678	Female	Lagos	Law	Adewole Isaac	07087654321			
4	Ikuyajolu	ikuya.wale@gmail.com	09078654321	Male	Osun	Physics	Ikuyajolu James	07065433298			
\.


--
-- TOC entry 3532 (class 0 OID 16882)
-- Dependencies: 246
-- Data for Name: student_adms_admittedcandidate; Type: TABLE DATA; Schema: public; Owner: postgres
--

COPY public.student_adms_admittedcandidate (id, programme, admission_year, serial_number, matriculation_number, candidate_id) FROM stdin;
1	Computer Science	2022	1	COM/2024/001	1
\.


--
-- TOC entry 3530 (class 0 OID 16871)
-- Dependencies: 244
-- Data for Name: student_adms_candidate; Type: TABLE DATA; Schema: public; Owner: postgres
--

COPY public.student_adms_candidate (id, full_name, cbt_score, utme_score, application_details, interview_score, health_status_valid, admission_status) FROM stdin;
1	Abioye Kazeem	75.5	85	{"birth_certificate": true, "academic_transcripts": true}	70	t	Approved
3	Adewole Iyejide	30	40	{"birth_certificate": true, "academic_transcripts": true}	45	t	Rejected
2	Ajayi Olawale	40	60	{"birth_certificate": true, "academic_transcripts": true}	50	t	Rejected
4	Ikuyajolu Wale	80	80	{"birth_certificate": true, "academic_transcripts": true}	75	t	Approved
\.


--
-- TOC entry 3526 (class 0 OID 16805)
-- Dependencies: 240
-- Data for Name: student_adms_candidatesubmission; Type: TABLE DATA; Schema: public; Owner: postgres
--

COPY public.student_adms_candidatesubmission (id, candidate_name, candidate_email, submitted_answers, score, submitted_at) FROM stdin;
\.


--
-- TOC entry 3528 (class 0 OID 16813)
-- Dependencies: 242
-- Data for Name: student_adms_cbtquestion; Type: TABLE DATA; Schema: public; Owner: postgres
--

COPY public.student_adms_cbtquestion (id, question_text, options, correct_answer) FROM stdin;
1	What is 2 + 2?	["1", "2", "3", "4"]	4
\.


--
-- TOC entry 3534 (class 0 OID 16898)
-- Dependencies: 248
-- Data for Name: student_adms_course; Type: TABLE DATA; Schema: public; Owner: postgres
--

COPY public.student_adms_course (id, course_code, course_name, programme, level, description) FROM stdin;
1	GNS 101	Use of English	Computer Science	2	General study on the use of English
\.


--
-- TOC entry 3536 (class 0 OID 16906)
-- Dependencies: 250
-- Data for Name: student_adms_courseregistration; Type: TABLE DATA; Schema: public; Owner: postgres
--

COPY public.student_adms_courseregistration (id, registration_date, admitted_candidate_id, course_id, approved) FROM stdin;
1	2024-12-09	1	1	t
\.


--
-- TOC entry 3542 (class 0 OID 0)
-- Dependencies: 220
-- Name: auth_group_id_seq; Type: SEQUENCE SET; Schema: public; Owner: postgres
--

SELECT pg_catalog.setval('public.auth_group_id_seq', 1, false);


--
-- TOC entry 3543 (class 0 OID 0)
-- Dependencies: 222
-- Name: auth_group_permissions_id_seq; Type: SEQUENCE SET; Schema: public; Owner: postgres
--

SELECT pg_catalog.setval('public.auth_group_permissions_id_seq', 1, false);


--
-- TOC entry 3544 (class 0 OID 0)
-- Dependencies: 218
-- Name: auth_permission_id_seq; Type: SEQUENCE SET; Schema: public; Owner: postgres
--

SELECT pg_catalog.setval('public.auth_permission_id_seq', 60, true);


--
-- TOC entry 3545 (class 0 OID 0)
-- Dependencies: 226
-- Name: auth_user_groups_id_seq; Type: SEQUENCE SET; Schema: public; Owner: postgres
--

SELECT pg_catalog.setval('public.auth_user_groups_id_seq', 1, false);


--
-- TOC entry 3546 (class 0 OID 0)
-- Dependencies: 224
-- Name: auth_user_id_seq; Type: SEQUENCE SET; Schema: public; Owner: postgres
--

SELECT pg_catalog.setval('public.auth_user_id_seq', 1, true);


--
-- TOC entry 3547 (class 0 OID 0)
-- Dependencies: 228
-- Name: auth_user_user_permissions_id_seq; Type: SEQUENCE SET; Schema: public; Owner: postgres
--

SELECT pg_catalog.setval('public.auth_user_user_permissions_id_seq', 1, false);


--
-- TOC entry 3548 (class 0 OID 0)
-- Dependencies: 230
-- Name: django_admin_log_id_seq; Type: SEQUENCE SET; Schema: public; Owner: postgres
--

SELECT pg_catalog.setval('public.django_admin_log_id_seq', 1, false);


--
-- TOC entry 3549 (class 0 OID 0)
-- Dependencies: 216
-- Name: django_content_type_id_seq; Type: SEQUENCE SET; Schema: public; Owner: postgres
--

SELECT pg_catalog.setval('public.django_content_type_id_seq', 15, true);


--
-- TOC entry 3550 (class 0 OID 0)
-- Dependencies: 214
-- Name: django_migrations_id_seq; Type: SEQUENCE SET; Schema: public; Owner: postgres
--

SELECT pg_catalog.setval('public.django_migrations_id_seq', 32, true);


--
-- TOC entry 3551 (class 0 OID 0)
-- Dependencies: 234
-- Name: django_redirect_id_seq; Type: SEQUENCE SET; Schema: public; Owner: postgres
--

SELECT pg_catalog.setval('public.django_redirect_id_seq', 1, false);


--
-- TOC entry 3552 (class 0 OID 0)
-- Dependencies: 232
-- Name: django_site_id_seq; Type: SEQUENCE SET; Schema: public; Owner: postgres
--

SELECT pg_catalog.setval('public.django_site_id_seq', 1, true);


--
-- TOC entry 3553 (class 0 OID 0)
-- Dependencies: 237
-- Name: student_adms_admissionform_id_seq; Type: SEQUENCE SET; Schema: public; Owner: postgres
--

SELECT pg_catalog.setval('public.student_adms_admissionform_id_seq', 4, true);


--
-- TOC entry 3554 (class 0 OID 0)
-- Dependencies: 245
-- Name: student_adms_admittedcandidate_id_seq; Type: SEQUENCE SET; Schema: public; Owner: postgres
--

SELECT pg_catalog.setval('public.student_adms_admittedcandidate_id_seq', 1, false);


--
-- TOC entry 3555 (class 0 OID 0)
-- Dependencies: 243
-- Name: student_adms_candidate_id_seq; Type: SEQUENCE SET; Schema: public; Owner: postgres
--

SELECT pg_catalog.setval('public.student_adms_candidate_id_seq', 4, true);


--
-- TOC entry 3556 (class 0 OID 0)
-- Dependencies: 239
-- Name: student_adms_candidatesubmission_id_seq; Type: SEQUENCE SET; Schema: public; Owner: postgres
--

SELECT pg_catalog.setval('public.student_adms_candidatesubmission_id_seq', 1, false);


--
-- TOC entry 3557 (class 0 OID 0)
-- Dependencies: 241
-- Name: student_adms_cbtquestion_id_seq; Type: SEQUENCE SET; Schema: public; Owner: postgres
--

SELECT pg_catalog.setval('public.student_adms_cbtquestion_id_seq', 1, true);


--
-- TOC entry 3558 (class 0 OID 0)
-- Dependencies: 247
-- Name: student_adms_course_id_seq; Type: SEQUENCE SET; Schema: public; Owner: postgres
--

SELECT pg_catalog.setval('public.student_adms_course_id_seq', 1, true);


--
-- TOC entry 3559 (class 0 OID 0)
-- Dependencies: 249
-- Name: student_adms_courseregistration_id_seq; Type: SEQUENCE SET; Schema: public; Owner: postgres
--

SELECT pg_catalog.setval('public.student_adms_courseregistration_id_seq', 1, true);


--
-- TOC entry 3276 (class 2606 OID 16743)
-- Name: auth_group auth_group_name_key; Type: CONSTRAINT; Schema: public; Owner: postgres
--

ALTER TABLE ONLY public.auth_group
    ADD CONSTRAINT auth_group_name_key UNIQUE (name);


--
-- TOC entry 3281 (class 2606 OID 16674)
-- Name: auth_group_permissions auth_group_permissions_group_id_permission_id_0cd325b0_uniq; Type: CONSTRAINT; Schema: public; Owner: postgres
--

ALTER TABLE ONLY public.auth_group_permissions
    ADD CONSTRAINT auth_group_permissions_group_id_permission_id_0cd325b0_uniq UNIQUE (group_id, permission_id);


--
-- TOC entry 3284 (class 2606 OID 16643)
-- Name: auth_group_permissions auth_group_permissions_pkey; Type: CONSTRAINT; Schema: public; Owner: postgres
--

ALTER TABLE ONLY public.auth_group_permissions
    ADD CONSTRAINT auth_group_permissions_pkey PRIMARY KEY (id);


--
-- TOC entry 3278 (class 2606 OID 16635)
-- Name: auth_group auth_group_pkey; Type: CONSTRAINT; Schema: public; Owner: postgres
--

ALTER TABLE ONLY public.auth_group
    ADD CONSTRAINT auth_group_pkey PRIMARY KEY (id);


--
-- TOC entry 3271 (class 2606 OID 16665)
-- Name: auth_permission auth_permission_content_type_id_codename_01ab375a_uniq; Type: CONSTRAINT; Schema: public; Owner: postgres
--

ALTER TABLE ONLY public.auth_permission
    ADD CONSTRAINT auth_permission_content_type_id_codename_01ab375a_uniq UNIQUE (content_type_id, codename);


--
-- TOC entry 3273 (class 2606 OID 16629)
-- Name: auth_permission auth_permission_pkey; Type: CONSTRAINT; Schema: public; Owner: postgres
--

ALTER TABLE ONLY public.auth_permission
    ADD CONSTRAINT auth_permission_pkey PRIMARY KEY (id);


--
-- TOC entry 3292 (class 2606 OID 16657)
-- Name: auth_user_groups auth_user_groups_pkey; Type: CONSTRAINT; Schema: public; Owner: postgres
--

ALTER TABLE ONLY public.auth_user_groups
    ADD CONSTRAINT auth_user_groups_pkey PRIMARY KEY (id);


--
-- TOC entry 3295 (class 2606 OID 16689)
-- Name: auth_user_groups auth_user_groups_user_id_group_id_94350c0c_uniq; Type: CONSTRAINT; Schema: public; Owner: postgres
--

ALTER TABLE ONLY public.auth_user_groups
    ADD CONSTRAINT auth_user_groups_user_id_group_id_94350c0c_uniq UNIQUE (user_id, group_id);


--
-- TOC entry 3286 (class 2606 OID 16649)
-- Name: auth_user auth_user_pkey; Type: CONSTRAINT; Schema: public; Owner: postgres
--

ALTER TABLE ONLY public.auth_user
    ADD CONSTRAINT auth_user_pkey PRIMARY KEY (id);


--
-- TOC entry 3298 (class 2606 OID 16663)
-- Name: auth_user_user_permissions auth_user_user_permissions_pkey; Type: CONSTRAINT; Schema: public; Owner: postgres
--

ALTER TABLE ONLY public.auth_user_user_permissions
    ADD CONSTRAINT auth_user_user_permissions_pkey PRIMARY KEY (id);


--
-- TOC entry 3301 (class 2606 OID 16703)
-- Name: auth_user_user_permissions auth_user_user_permissions_user_id_permission_id_14a6b632_uniq; Type: CONSTRAINT; Schema: public; Owner: postgres
--

ALTER TABLE ONLY public.auth_user_user_permissions
    ADD CONSTRAINT auth_user_user_permissions_user_id_permission_id_14a6b632_uniq UNIQUE (user_id, permission_id);


--
-- TOC entry 3289 (class 2606 OID 16738)
-- Name: auth_user auth_user_username_key; Type: CONSTRAINT; Schema: public; Owner: postgres
--

ALTER TABLE ONLY public.auth_user
    ADD CONSTRAINT auth_user_username_key UNIQUE (username);


--
-- TOC entry 3304 (class 2606 OID 16724)
-- Name: django_admin_log django_admin_log_pkey; Type: CONSTRAINT; Schema: public; Owner: postgres
--

ALTER TABLE ONLY public.django_admin_log
    ADD CONSTRAINT django_admin_log_pkey PRIMARY KEY (id);


--
-- TOC entry 3266 (class 2606 OID 16623)
-- Name: django_content_type django_content_type_app_label_model_76bd3d3b_uniq; Type: CONSTRAINT; Schema: public; Owner: postgres
--

ALTER TABLE ONLY public.django_content_type
    ADD CONSTRAINT django_content_type_app_label_model_76bd3d3b_uniq UNIQUE (app_label, model);


--
-- TOC entry 3268 (class 2606 OID 16621)
-- Name: django_content_type django_content_type_pkey; Type: CONSTRAINT; Schema: public; Owner: postgres
--

ALTER TABLE ONLY public.django_content_type
    ADD CONSTRAINT django_content_type_pkey PRIMARY KEY (id);


--
-- TOC entry 3264 (class 2606 OID 16615)
-- Name: django_migrations django_migrations_pkey; Type: CONSTRAINT; Schema: public; Owner: postgres
--

ALTER TABLE ONLY public.django_migrations
    ADD CONSTRAINT django_migrations_pkey PRIMARY KEY (id);


--
-- TOC entry 3314 (class 2606 OID 16756)
-- Name: django_redirect django_redirect_pkey; Type: CONSTRAINT; Schema: public; Owner: postgres
--

ALTER TABLE ONLY public.django_redirect
    ADD CONSTRAINT django_redirect_pkey PRIMARY KEY (id);


--
-- TOC entry 3317 (class 2606 OID 16758)
-- Name: django_redirect django_redirect_site_id_old_path_ac5dd16b_uniq; Type: CONSTRAINT; Schema: public; Owner: postgres
--

ALTER TABLE ONLY public.django_redirect
    ADD CONSTRAINT django_redirect_site_id_old_path_ac5dd16b_uniq UNIQUE (site_id, old_path);


--
-- TOC entry 3320 (class 2606 OID 16773)
-- Name: django_session django_session_pkey; Type: CONSTRAINT; Schema: public; Owner: postgres
--

ALTER TABLE ONLY public.django_session
    ADD CONSTRAINT django_session_pkey PRIMARY KEY (session_key);


--
-- TOC entry 3308 (class 2606 OID 16777)
-- Name: django_site django_site_domain_a2e37b91_uniq; Type: CONSTRAINT; Schema: public; Owner: postgres
--

ALTER TABLE ONLY public.django_site
    ADD CONSTRAINT django_site_domain_a2e37b91_uniq UNIQUE (domain);


--
-- TOC entry 3310 (class 2606 OID 16750)
-- Name: django_site django_site_pkey; Type: CONSTRAINT; Schema: public; Owner: postgres
--

ALTER TABLE ONLY public.django_site
    ADD CONSTRAINT django_site_pkey PRIMARY KEY (id);


--
-- TOC entry 3324 (class 2606 OID 16879)
-- Name: student_adms_admissionform student_adms_admissionform_email_60e477be_uniq; Type: CONSTRAINT; Schema: public; Owner: postgres
--

ALTER TABLE ONLY public.student_adms_admissionform
    ADD CONSTRAINT student_adms_admissionform_email_60e477be_uniq UNIQUE (email);


--
-- TOC entry 3326 (class 2606 OID 16790)
-- Name: student_adms_admissionform student_adms_admissionform_pkey; Type: CONSTRAINT; Schema: public; Owner: postgres
--

ALTER TABLE ONLY public.student_adms_admissionform
    ADD CONSTRAINT student_adms_admissionform_pkey PRIMARY KEY (id);


--
-- TOC entry 3334 (class 2606 OID 16891)
-- Name: student_adms_admittedcandidate student_adms_admittedcandidate_candidate_id_key; Type: CONSTRAINT; Schema: public; Owner: postgres
--

ALTER TABLE ONLY public.student_adms_admittedcandidate
    ADD CONSTRAINT student_adms_admittedcandidate_candidate_id_key UNIQUE (candidate_id);


--
-- TOC entry 3336 (class 2606 OID 16886)
-- Name: student_adms_admittedcandidate student_adms_admittedcandidate_pkey; Type: CONSTRAINT; Schema: public; Owner: postgres
--

ALTER TABLE ONLY public.student_adms_admittedcandidate
    ADD CONSTRAINT student_adms_admittedcandidate_pkey PRIMARY KEY (id);


--
-- TOC entry 3338 (class 2606 OID 16888)
-- Name: student_adms_admittedcandidate student_adms_admittedcandidate_serial_number_key; Type: CONSTRAINT; Schema: public; Owner: postgres
--

ALTER TABLE ONLY public.student_adms_admittedcandidate
    ADD CONSTRAINT student_adms_admittedcandidate_serial_number_key UNIQUE (serial_number);


--
-- TOC entry 3332 (class 2606 OID 16877)
-- Name: student_adms_candidate student_adms_candidate_pkey; Type: CONSTRAINT; Schema: public; Owner: postgres
--

ALTER TABLE ONLY public.student_adms_candidate
    ADD CONSTRAINT student_adms_candidate_pkey PRIMARY KEY (id);


--
-- TOC entry 3328 (class 2606 OID 16811)
-- Name: student_adms_candidatesubmission student_adms_candidatesubmission_pkey; Type: CONSTRAINT; Schema: public; Owner: postgres
--

ALTER TABLE ONLY public.student_adms_candidatesubmission
    ADD CONSTRAINT student_adms_candidatesubmission_pkey PRIMARY KEY (id);


--
-- TOC entry 3330 (class 2606 OID 16819)
-- Name: student_adms_cbtquestion student_adms_cbtquestion_pkey; Type: CONSTRAINT; Schema: public; Owner: postgres
--

ALTER TABLE ONLY public.student_adms_cbtquestion
    ADD CONSTRAINT student_adms_cbtquestion_pkey PRIMARY KEY (id);


--
-- TOC entry 3340 (class 2606 OID 16904)
-- Name: student_adms_course student_adms_course_pkey; Type: CONSTRAINT; Schema: public; Owner: postgres
--

ALTER TABLE ONLY public.student_adms_course
    ADD CONSTRAINT student_adms_course_pkey PRIMARY KEY (id);


--
-- TOC entry 3344 (class 2606 OID 16961)
-- Name: student_adms_courseregistration student_adms_courseregistration_pkey; Type: CONSTRAINT; Schema: public; Owner: postgres
--

ALTER TABLE ONLY public.student_adms_courseregistration
    ADD CONSTRAINT student_adms_courseregistration_pkey PRIMARY KEY (id);


--
-- TOC entry 3274 (class 1259 OID 16744)
-- Name: auth_group_name_a6ea08ec_like; Type: INDEX; Schema: public; Owner: postgres
--

CREATE INDEX auth_group_name_a6ea08ec_like ON public.auth_group USING btree (name varchar_pattern_ops);


--
-- TOC entry 3279 (class 1259 OID 16685)
-- Name: auth_group_permissions_group_id_b120cbf9; Type: INDEX; Schema: public; Owner: postgres
--

CREATE INDEX auth_group_permissions_group_id_b120cbf9 ON public.auth_group_permissions USING btree (group_id);


--
-- TOC entry 3282 (class 1259 OID 16686)
-- Name: auth_group_permissions_permission_id_84c5c92e; Type: INDEX; Schema: public; Owner: postgres
--

CREATE INDEX auth_group_permissions_permission_id_84c5c92e ON public.auth_group_permissions USING btree (permission_id);


--
-- TOC entry 3269 (class 1259 OID 16671)
-- Name: auth_permission_content_type_id_2f476e4b; Type: INDEX; Schema: public; Owner: postgres
--

CREATE INDEX auth_permission_content_type_id_2f476e4b ON public.auth_permission USING btree (content_type_id);


--
-- TOC entry 3290 (class 1259 OID 16701)
-- Name: auth_user_groups_group_id_97559544; Type: INDEX; Schema: public; Owner: postgres
--

CREATE INDEX auth_user_groups_group_id_97559544 ON public.auth_user_groups USING btree (group_id);


--
-- TOC entry 3293 (class 1259 OID 16700)
-- Name: auth_user_groups_user_id_6a12ed8b; Type: INDEX; Schema: public; Owner: postgres
--

CREATE INDEX auth_user_groups_user_id_6a12ed8b ON public.auth_user_groups USING btree (user_id);


--
-- TOC entry 3296 (class 1259 OID 16715)
-- Name: auth_user_user_permissions_permission_id_1fbb5f2c; Type: INDEX; Schema: public; Owner: postgres
--

CREATE INDEX auth_user_user_permissions_permission_id_1fbb5f2c ON public.auth_user_user_permissions USING btree (permission_id);


--
-- TOC entry 3299 (class 1259 OID 16714)
-- Name: auth_user_user_permissions_user_id_a95ead1b; Type: INDEX; Schema: public; Owner: postgres
--

CREATE INDEX auth_user_user_permissions_user_id_a95ead1b ON public.auth_user_user_permissions USING btree (user_id);


--
-- TOC entry 3287 (class 1259 OID 16739)
-- Name: auth_user_username_6821ab7c_like; Type: INDEX; Schema: public; Owner: postgres
--

CREATE INDEX auth_user_username_6821ab7c_like ON public.auth_user USING btree (username varchar_pattern_ops);


--
-- TOC entry 3302 (class 1259 OID 16735)
-- Name: django_admin_log_content_type_id_c4bce8eb; Type: INDEX; Schema: public; Owner: postgres
--

CREATE INDEX django_admin_log_content_type_id_c4bce8eb ON public.django_admin_log USING btree (content_type_id);


--
-- TOC entry 3305 (class 1259 OID 16736)
-- Name: django_admin_log_user_id_c564eba6; Type: INDEX; Schema: public; Owner: postgres
--

CREATE INDEX django_admin_log_user_id_c564eba6 ON public.django_admin_log USING btree (user_id);


--
-- TOC entry 3311 (class 1259 OID 16765)
-- Name: django_redirect_old_path_c6cc94d3; Type: INDEX; Schema: public; Owner: postgres
--

CREATE INDEX django_redirect_old_path_c6cc94d3 ON public.django_redirect USING btree (old_path);


--
-- TOC entry 3312 (class 1259 OID 16766)
-- Name: django_redirect_old_path_c6cc94d3_like; Type: INDEX; Schema: public; Owner: postgres
--

CREATE INDEX django_redirect_old_path_c6cc94d3_like ON public.django_redirect USING btree (old_path varchar_pattern_ops);


--
-- TOC entry 3315 (class 1259 OID 16764)
-- Name: django_redirect_site_id_c3e37341; Type: INDEX; Schema: public; Owner: postgres
--

CREATE INDEX django_redirect_site_id_c3e37341 ON public.django_redirect USING btree (site_id);


--
-- TOC entry 3318 (class 1259 OID 16775)
-- Name: django_session_expire_date_a5c62663; Type: INDEX; Schema: public; Owner: postgres
--

CREATE INDEX django_session_expire_date_a5c62663 ON public.django_session USING btree (expire_date);


--
-- TOC entry 3321 (class 1259 OID 16774)
-- Name: django_session_session_key_c0390e0f_like; Type: INDEX; Schema: public; Owner: postgres
--

CREATE INDEX django_session_session_key_c0390e0f_like ON public.django_session USING btree (session_key varchar_pattern_ops);


--
-- TOC entry 3306 (class 1259 OID 16778)
-- Name: django_site_domain_a2e37b91_like; Type: INDEX; Schema: public; Owner: postgres
--

CREATE INDEX django_site_domain_a2e37b91_like ON public.django_site USING btree (domain varchar_pattern_ops);


--
-- TOC entry 3322 (class 1259 OID 16880)
-- Name: student_adms_admissionform_email_60e477be_like; Type: INDEX; Schema: public; Owner: postgres
--

CREATE INDEX student_adms_admissionform_email_60e477be_like ON public.student_adms_admissionform USING btree (email varchar_pattern_ops);


--
-- TOC entry 3341 (class 1259 OID 16923)
-- Name: student_adms_courseregistration_admitted_candidate_id_faf62a99; Type: INDEX; Schema: public; Owner: postgres
--

CREATE INDEX student_adms_courseregistration_admitted_candidate_id_faf62a99 ON public.student_adms_courseregistration USING btree (admitted_candidate_id);


--
-- TOC entry 3342 (class 1259 OID 16924)
-- Name: student_adms_courseregistration_course_id_5ac66d0a; Type: INDEX; Schema: public; Owner: postgres
--

CREATE INDEX student_adms_courseregistration_course_id_5ac66d0a ON public.student_adms_courseregistration USING btree (course_id);


--
-- TOC entry 3346 (class 2606 OID 16680)
-- Name: auth_group_permissions auth_group_permissio_permission_id_84c5c92e_fk_auth_perm; Type: FK CONSTRAINT; Schema: public; Owner: postgres
--

ALTER TABLE ONLY public.auth_group_permissions
    ADD CONSTRAINT auth_group_permissio_permission_id_84c5c92e_fk_auth_perm FOREIGN KEY (permission_id) REFERENCES public.auth_permission(id) DEFERRABLE INITIALLY DEFERRED;


--
-- TOC entry 3347 (class 2606 OID 16675)
-- Name: auth_group_permissions auth_group_permissions_group_id_b120cbf9_fk_auth_group_id; Type: FK CONSTRAINT; Schema: public; Owner: postgres
--

ALTER TABLE ONLY public.auth_group_permissions
    ADD CONSTRAINT auth_group_permissions_group_id_b120cbf9_fk_auth_group_id FOREIGN KEY (group_id) REFERENCES public.auth_group(id) DEFERRABLE INITIALLY DEFERRED;


--
-- TOC entry 3345 (class 2606 OID 16666)
-- Name: auth_permission auth_permission_content_type_id_2f476e4b_fk_django_co; Type: FK CONSTRAINT; Schema: public; Owner: postgres
--

ALTER TABLE ONLY public.auth_permission
    ADD CONSTRAINT auth_permission_content_type_id_2f476e4b_fk_django_co FOREIGN KEY (content_type_id) REFERENCES public.django_content_type(id) DEFERRABLE INITIALLY DEFERRED;


--
-- TOC entry 3348 (class 2606 OID 16695)
-- Name: auth_user_groups auth_user_groups_group_id_97559544_fk_auth_group_id; Type: FK CONSTRAINT; Schema: public; Owner: postgres
--

ALTER TABLE ONLY public.auth_user_groups
    ADD CONSTRAINT auth_user_groups_group_id_97559544_fk_auth_group_id FOREIGN KEY (group_id) REFERENCES public.auth_group(id) DEFERRABLE INITIALLY DEFERRED;


--
-- TOC entry 3349 (class 2606 OID 16690)
-- Name: auth_user_groups auth_user_groups_user_id_6a12ed8b_fk_auth_user_id; Type: FK CONSTRAINT; Schema: public; Owner: postgres
--

ALTER TABLE ONLY public.auth_user_groups
    ADD CONSTRAINT auth_user_groups_user_id_6a12ed8b_fk_auth_user_id FOREIGN KEY (user_id) REFERENCES public.auth_user(id) DEFERRABLE INITIALLY DEFERRED;


--
-- TOC entry 3350 (class 2606 OID 16709)
-- Name: auth_user_user_permissions auth_user_user_permi_permission_id_1fbb5f2c_fk_auth_perm; Type: FK CONSTRAINT; Schema: public; Owner: postgres
--

ALTER TABLE ONLY public.auth_user_user_permissions
    ADD CONSTRAINT auth_user_user_permi_permission_id_1fbb5f2c_fk_auth_perm FOREIGN KEY (permission_id) REFERENCES public.auth_permission(id) DEFERRABLE INITIALLY DEFERRED;


--
-- TOC entry 3351 (class 2606 OID 16704)
-- Name: auth_user_user_permissions auth_user_user_permissions_user_id_a95ead1b_fk_auth_user_id; Type: FK CONSTRAINT; Schema: public; Owner: postgres
--

ALTER TABLE ONLY public.auth_user_user_permissions
    ADD CONSTRAINT auth_user_user_permissions_user_id_a95ead1b_fk_auth_user_id FOREIGN KEY (user_id) REFERENCES public.auth_user(id) DEFERRABLE INITIALLY DEFERRED;


--
-- TOC entry 3352 (class 2606 OID 16725)
-- Name: django_admin_log django_admin_log_content_type_id_c4bce8eb_fk_django_co; Type: FK CONSTRAINT; Schema: public; Owner: postgres
--

ALTER TABLE ONLY public.django_admin_log
    ADD CONSTRAINT django_admin_log_content_type_id_c4bce8eb_fk_django_co FOREIGN KEY (content_type_id) REFERENCES public.django_content_type(id) DEFERRABLE INITIALLY DEFERRED;


--
-- TOC entry 3353 (class 2606 OID 16730)
-- Name: django_admin_log django_admin_log_user_id_c564eba6_fk_auth_user_id; Type: FK CONSTRAINT; Schema: public; Owner: postgres
--

ALTER TABLE ONLY public.django_admin_log
    ADD CONSTRAINT django_admin_log_user_id_c564eba6_fk_auth_user_id FOREIGN KEY (user_id) REFERENCES public.auth_user(id) DEFERRABLE INITIALLY DEFERRED;


--
-- TOC entry 3354 (class 2606 OID 16759)
-- Name: django_redirect django_redirect_site_id_c3e37341_fk_django_site_id; Type: FK CONSTRAINT; Schema: public; Owner: postgres
--

ALTER TABLE ONLY public.django_redirect
    ADD CONSTRAINT django_redirect_site_id_c3e37341_fk_django_site_id FOREIGN KEY (site_id) REFERENCES public.django_site(id) DEFERRABLE INITIALLY DEFERRED;


--
-- TOC entry 3355 (class 2606 OID 16892)
-- Name: student_adms_admittedcandidate student_adms_admitte_candidate_id_e46798a5_fk_student_a; Type: FK CONSTRAINT; Schema: public; Owner: postgres
--

ALTER TABLE ONLY public.student_adms_admittedcandidate
    ADD CONSTRAINT student_adms_admitte_candidate_id_e46798a5_fk_student_a FOREIGN KEY (candidate_id) REFERENCES public.student_adms_candidate(id) DEFERRABLE INITIALLY DEFERRED;


--
-- TOC entry 3356 (class 2606 OID 16913)
-- Name: student_adms_courseregistration student_adms_courser_admitted_candidate_i_faf62a99_fk_student_a; Type: FK CONSTRAINT; Schema: public; Owner: postgres
--

ALTER TABLE ONLY public.student_adms_courseregistration
    ADD CONSTRAINT student_adms_courser_admitted_candidate_i_faf62a99_fk_student_a FOREIGN KEY (admitted_candidate_id) REFERENCES public.student_adms_admittedcandidate(id) DEFERRABLE INITIALLY DEFERRED;


--
-- TOC entry 3357 (class 2606 OID 16918)
-- Name: student_adms_courseregistration student_adms_courser_course_id_5ac66d0a_fk_student_a; Type: FK CONSTRAINT; Schema: public; Owner: postgres
--

ALTER TABLE ONLY public.student_adms_courseregistration
    ADD CONSTRAINT student_adms_courser_course_id_5ac66d0a_fk_student_a FOREIGN KEY (course_id) REFERENCES public.student_adms_course(id) DEFERRABLE INITIALLY DEFERRED;


-- Completed on 2024-12-10 11:45:11

--
-- PostgreSQL database dump complete
--

